url,name,address,city,state,phone
http://www.southarkcpa.com/,Results,"îƒˆ514 E 5th St, El Dorado, AR 71730",El Dorado,AR,
https://www.eldocpa.com/,Results,"îƒˆ920 N Jefferson Ave, El Dorado, AR 71730",El Dorado,AR,î‚°(870) 862-6510
http://www.nancybrowncpa.com/,Results,"îƒˆ3318 W Hillsboro St, El Dorado, AR 71730",El Dorado,AR,î‚°(870) 863-8855
http://www.ecgcpa.com/,Results,"îƒˆ451 N Washington Ave, El Dorado, AR 71730",El Dorado,AR,î‚°(870) 862-9950
http://www.sheppardjonescpa.com/,Results,"îƒˆ314 E Oak St, El Dorado, AR 71730",El Dorado,AR,î‚°(870) 863-7047
https://lahispanataxes.com/,Results,"îƒˆ1229 W Hillsboro St, El Dorado, AR 71730",El Dorado,AR,î‚°(870) 864-0034
http://larrydholder.com/,Results,"îƒˆ512 N Washington Ave, El Dorado, AR 71730",El Dorado,AR,î‚°(870) 863-7191
https://www.peteparks.com/,Results,"îƒˆ441 N Washington Ave, El Dorado, AR 71730",El Dorado,AR,î‚°(870) 862-3401
http://www.eldocpa.com/,Results,"îƒˆ920 N Jefferson Ave, El Dorado, AR 71730",El Dorado,AR,î‚°(870) 862-6510
https://allamericanaccounting.com/,Results,"îƒˆ700 S Main St, El Dorado, KS 67042",El Dorado,KS,î‚°(316) 322-7359
https://office.jacksonhewitt.com/tax-preparation-services-locations/en/ar/el-dorado/1302-n-west-ave/11894?utm_source=google&utm_medium=local&utm_campaign=local&utm_content=11894,Results,"îƒˆ1302 N West Ave, El Dorado, AR 71730",El Dorado,AR,î‚°(870) 396-5421
https://www.hrblock.com/tax-office-near-me/arkansas/el-dorado/26644/?otppartnerid=9308&campaignid=pw_mcm_9308_9762&utm_medium=local,Results,"îƒˆ1330 N West Ave, El Dorado, AR 71730",El Dorado,AR,î‚°(870) 677-6194
https://www.southernbookkeepingllc.com/,Results,,El Dorado,AR,î‚°(870) 314-1301
http://www.edpsolutions.com/,Results,"îƒˆ332 S Washington Ave, El Dorado, AR 71730",El Dorado,AR,î‚°(870) 863-5173
https://www.unioncountyar.com/tax-collector.php,Results,"îƒˆ101 N Washington Ave #106, El Dorado, AR 71730",El Dorado,AR,î‚°(870) 864-1930
https://www.unioncountyar.com/,Results,"îƒˆ101 S Washington Ave #107, El Dorado, AR 71730",El Dorado,AR,î‚°(870) 864-1920
https://sacramentobusinesstaxes.com/,Results,"îƒˆ5170 Golden Foothill Pkwy, El Dorado Hills, CA 95762",El Dorado Hills,CA,î‚°(916) 246-6111
http://www.ffb1.com/,Results,"îƒˆ300 E Peach St, El Dorado, AR 71730",El Dorado,AR,
https://office.jacksonhewitt.com/tax-preparation-services-locations/en/ar/el-dorado/2730-nw-ave/50530?utm_source=google&utm_medium=local&utm_campaign=local&utm_content=50530,Results,"îƒˆ2730 N West Ave, El Dorado, AR 71730",El Dorado,AR,î‚°(870) 383-0423
https://www.benjaminfedwards.com/branch/benjamin-f-edwards-el-dorado-ar/,Results,"îƒˆ201 W Main St, El Dorado, AR 71730",El Dorado,AR,î‚°(870) 639-6909
http://www.polypails.com/,Results,"îƒˆ230 Cooper Dr, El Dorado, AR 71730",El Dorado,AR,î‚°(870) 863-3188
http://www.tsg.bz/,Results,"îƒˆ214 N Washington Ave #700, El Dorado, AR 71730",El Dorado,AR,î‚°(870) 862-1315
https://southark.edu/?utm_source=cumulus+&utm_medium=onlinepresence&utm_campaign=gbp,Results,"îƒˆ300 S West Ave, El Dorado, AR 71730",El Dorado,AR,î‚°(870) 862-8131
